sample,wetland,zonecore,top_cm,bottom_cm,n_reps,loi_mean,loi_se,c_pred,bd_pred,bd_pred_lower,bd_pred_upper,c_dens_pred,c_dens_pred_lower,c_dens_pred_upper
DF_A1_00_15,DF,A1,0,15,1,61.57361414663226,NA,34.0031751751159,0.15219104738736916,0.1404672909046338,0.16523581646385627,0.05174978844397079,0.04776333899004228,0.05618542412423805
DF_A1_15_64,DF,A1,15,64,2,53.37500681158929,0.01100997106138446,29.406030972722483,0.17384509147432892,0.1606694305165971,0.18841421856344007,0.0511209414434989,0.04724650250140738,0.05540514346777822
DF_A1_64_95,DF,A1,64,95,3,13.618397877731415,0.01930028998339066,7.113602905590412,0.5607046033893385,0.5311271993753172,0.5888357028629744,0.039886298958483175,0.03778227988714354,0.04188743366801427
DF_A2_00_13,DF,A2,0,13,1,66.15502686108981,NA,36.5720767017225,0.14228724674557902,0.1312456473699947,0.15460760933743595,0.05203740101656231,0.0479992588238267,0.056543213473586554
DF_A2_13_66,DF,A2,13,66,1,60.38314176245214,NA,33.33565043641411,0.1549943612264265,0.14307957851667039,0.16824106971874903,0.051668378454594516,0.0476965081402119,0.05608425489192593
DF_A2_66_88,DF,A2,66,88,3,23.047126094254562,0.00716708475561847,12.40050365411923,0.36701145757336173,0.3433776794824718,0.3906387161582976,0.04551126920742097,0.04258056169165373,0.04844116827161414
DF_A3_00_18,DF,A3,0,18,1,68.02486187845298,NA,37.62053540430753,0.1386059689690401,0.12782082076398701,0.15065269932285888,0.05214430762848124,0.048086877129592205,0.0566763520863011
DF_A3_18_62,DF,A3,18,62,4,56.8246418999546,0.01959585197816371,31.340319236421642,0.16402548014271978,0.15150148286600573,0.17791344843606352,0.05140610910580177,0.04748104837811883,0.05575864270438872
DF_A3_62_78,DF,A3,62,78,2,25.6096957632542,0.00438039624830718,13.837394313184946,0.33551149092169996,0.31312396957595234,0.35783213450442036,0.04642604796488134,0.04332819835932179,0.049514643430662975
DF_B1_00_14,DF,B1,0,14,1,20.36053130929792,NA,10.894069312880095,0.4070805528630496,0.38183971813157547,0.4315949912121908,0.04434763758815612,0.04159788355735981,0.04701825749357482
DF_B1_14_36,DF,B1,14,36,1,5.625717566016081,NA,2.631926633629581,1.014624652828121,0.9741915651330547,1.052899618921681,0.02670417646915499,0.025640007265309732,0.027711545495784085
DF_B1_36_73,DF,B1,36,73,1,0.7538511963290621,NA,0,2.0030324114979723,1.8121003574617416,2.2251431217595186,0,0,0
DF_B2_00_11,DF,B2,0,11,1,22.81728947821594,NA,12.27162907533516,0.37012818186818425,0.34636334972326555,0.3938825950280274,0.0454207575821455,0.04250442553094506,0.04833581105414405
DF_B2_11_34,DF,B2,11,34,2,11.471284310539714,0.0231410081125094,5.909667861024233,0.6372955455531998,0.6067340874064385,0.6668471803209773,0.0376620500352965,0.03585596936533698,0.03940845349757511
DF_B2_34_59,DF,B2,34,59,1,1.948503827418202,NA,0.5700298835435447,1.6168110571653946,1.499119253623473,1.7375218420328733,0.009216306186279053,0.00854542773560874,0.00990439373268364
DF_B2_59_80,DF,B2,59,80,1,1.3034493721189109,NA,0.208333289448563,1.8047033013778004,1.653115515807378,1.969314230994635,0.003759797752547185,0.0034439899324660898,0.0041027371170097955
DF_B3_00_12,DF,B3,0,12,1,10.1555352241537,NA,5.17189764748684,0.6955149591018367,0.6645836639342103,0.725386710466493,0.035971321807706944,0.034371586880595266,0.03751625821379872
DF_B3_12_35,DF,B3,12,35,3,4.088645704497214,0.0018648381995418,1.7700557440894766,1.2017135075807726,1.1444480911513277,1.2536989852898424,0.021270998968432594,0.020257369175546446,0.022191170902714337
DF_B3_35_76,DF,B3,35,76,2,0.638171513896925,5.260121491838625e-5,0,2.050461421349601,1.848908905344767,2.2867905581126844,0,0,0
DF_C1_00_04,DF,C1,0,4,1,58.620689655172406,NA,32.34740375549966,0.15933950424551008,0.14713042973032467,0.17289651388224164,0.051542192780306674,0.047592874152069836,0.055927533424672236
DF_C1_04_52,DF,C1,4,52,1,9.331631839208821,NA,4.709916421328775,0.7377156076445215,0.7068421575455852,0.7670072211363579,0.034745788547154675,0.03329167485111413,0.03612539906107883
DF_C1_52_81,DF,C1,52,81,1,1.962774957698809,NA,0.5780320284384066,1.613095490058229,1.496242844369015,1.7332486337284103,0.009324208581832036,0.00864876286367073,0.0100187322354213
DF_C2_00_06,DF,C2,0,6,1,62.71580989330745,NA,34.64363011340558,0.1495951087088011,0.13804905871483655,0.16245165506477682,0.05182517612882403,0.04782520527620606,0.05627915049374678
DF_C2_06_57,DF,C2,6,57,2,12.136410926729116,0.00760785334953147,6.282619368825238,0.6114232736200501,0.5811084092086402,0.6401265637043989,0.03841339701395861,0.036508829470814255,0.040216715476287995
DF_C2_57_89,DF,C2,57,89,1,3.0453257790368378,NA,1.185042710708661,1.3736381725455513,1.2937821672040926,1.4469816201573185,0.016278199035262713,0.015331871264900638,0.017147350214968386
DF_C3_00_06,DF,C3,0,6,1,32.69780743565301,NA,17.811858529980427,0.2711417530176158,0.2517512724507529,0.2913183287419937,0.04829538546320666,0.04484158049635369,0.051889208587427224
DF_C3_06_47,DF,C3,6,47,1,9.37645778261548,NA,4.7350513396664216,0.7352883076136935,0.7044071736435539,0.7645586061418412,0.03481627886007275,0.03335404131231547,0.03620224252265417
DF_C3_47_72,DF,C3,47,72,1,1.241513094083415,NA,0.17360422024778588,1.8250679701525034,1.6706010881229314,1.9947393639083895,0.003168395018575347,0.0029002339924868413,0.0034629517186888035
FN_A1_00_02,FN,A1,0,2,1,20.18679685841649,NA,10.796652484510746,0.40997503654821377,0.3846253253797378,0.4345838475955467,0.044263579969356565,0.041526659748669,0.04692050777870699
FN_A1_02_06,FN,A1,2,6,1,11.06695807669386,NA,5.682953014728903,0.6541214566459301,0.6231164956127724,0.6838910428620968,0.0371734150404485,0.03541141767269914,0.038865206637792464
FN_A1_06_21,FN,A1,6,21,1,6.6656964051811745,NA,3.215066244505283,0.9179331403355943,0.8817836571559436,0.9518026937038077,0.029512158542057,0.028349928710784938,0.030601087119563133
FN_A1_21_57,FN,A1,21,57,1,2.393162393162357,NA,0.8193599787681378,1.5085451690106282,1.408259163273214,1.608332378907633,0.01236041537651325,0.01153871198119576,0.013178031838338666
FN_A2_00_01,FN,A2,0,1,1,32.702337260961976,NA,17.814398505284274,0.271108512452485,0.25172003371096063,0.29128375153726654,0.04829635079003392,0.04484240992290644,0.051890448279990765
FN_A2_01_11,FN,A2,1,11,1,14.388922335942247,NA,7.545653362590093,0.5375218986637375,0.5085139483114385,0.565147160200119,0.04055953922117842,0.03837069984000171,0.0426440456972227
FN_A2_11_22,FN,A2,11,22,1,6.050783360345731,NA,2.870270619648526,0.972744547550229,0.9341562296073663,1.009185764503481,0.027920400952567207,0.02681281180003666,0.028966362496218777
FN_A2_22_52,FN,A2,22,52,1,2.321051777308889,NA,0.778925928684429,1.525106879718814,1.422724859955941,1.6281011783733388,0.01187945292627989,0.011081972828036055,0.012681702223566661
FN_A3_00_01,FN,A3,0,1,1,21.78013557323904,NA,11.690073468826867,0.3848772645102237,0.36056928088674156,0.408640954337252,0.04499243498605626,0.0421508138416808,0.04777042778574001
FN_A3_01_09,FN,A3,1,9,1,11.872994426617115,NA,6.134915791032376,0.621414381125043,0.5911076153134713,0.6504041846134788,0.038123248995386376,0.036263954433861066,0.03990174902738768
FN_A3_09_22,FN,A3,9,22,2,5.025151228557029,0.018063386868626,2.2951755314513154,1.0803411982248756,1.0357622091895398,1.1214667871034876,0.024795726837845297,0.023772560789337902,0.025739631290952462
FN_A3_22_61,FN,A3,22,61,1,2.507598784194515,NA,0.8835270464270197,1.4829883034572275,1.3874325354414667,1.5776102800921286,0.013102602756393812,0.012258341701553505,0.013938613511827017
FN_B1_00_03,FN,B1,0,3,1,22.187268689859327,NA,11.918362197654432,0.3789495473830361,0.35490429371252735,0.40283939167057364,0.045164579603482344,0.042298779179686316,0.048011857774126726
FN_B1_03_09,FN,B1,3,9,1,13.785893504321173,NA,7.207521484348559,0.5554966578389839,0.5260189057449487,0.583516066804833,0.04003754095858297,0.03791292564330238,0.04205704587958404
FN_B1_09_33,FN,B1,9,33,2,5.346045239767671,3.0550754141192224e-4,2.4751080471743707,1.0442039343988163,1.0024101775363206,1.0837464606239524,0.02584517560921649,0.02481073496989637,0.026823895857870872
FN_B1_33_44,FN,B1,33,44,1,3.459577567370744,NA,1.417323039457975,1.2998032614080697,1.228959763529927,1.3629212388279277,0.01842241109156274,0.017418329874177903,0.01931699672757427
FN_B1_44_61,FN,B1,44,61,1,2.741269245212181,NA,1.014551348633381,1.4334025292271317,1.3454608436720998,1.5165731940318643,0.014542604691618858,0.013650391134809356,0.015386413793062622
FN_B2_00_06,FN,B2,0,6,1,32.71574027708229,NA,17.82191387897326,0.2710102067450915,0.2516276487507148,0.29118149127004167,0.04829920564933759,0.044844862856037726,0.05189411460565686
FN_B2_06_10,FN,B2,6,10,1,13.688104723961295,NA,7.152689107785159,0.558525389455402,0.528988392330267,0.5866100847199239,0.03994958469579118,0.03783689511965483,0.0419583956349313
FN_B2_10_14,FN,B2,10,14,2,6.817565229372452,0.00193848700280433,3.300222522410081,0.9053341433879134,0.8694921499993938,0.9388085738549607,0.029878041303156296,0.02869517576486764,0.030982771996678295
FN_B2_14_51,FN,B2,14,51,1,3.017761683048814,NA,1.169586899875528,1.378849885441872,1.2983012243296101,1.4529012806073849,0.016126847629076863,0.015184761040682714,0.01699294304610776
FN_B2_51_62,FN,B2,51,62,1,2.0099502487562,NA,0.6044842790363516,1.6009337583369474,1.4867072001857198,1.719121534385679,0.009677392886932664,0.008986911300424177,0.010391819412889936
FN_B3_00_01,FN,B3,0,1,1,29.59501557632401,NA,16.072053094198687,0.29600110267713386,0.275358919873468,0.3172813951400122,0.04757345438168253,0.0442558318016758,0.05099363428491709
FN_B3_01_08,FN,B3,1,8,1,13.919867823213538,NA,7.282643909194195,0.5514001173326986,0.5220043904753019,0.5793294506293912,0.040156507060219414,0.038015720948675856,0.042190500950429546
FN_B3_08_25,FN,B3,8,25,1,5.699035812672168,NA,2.6730378295645316,1.0071454199784677,0.967051721117188,1.0451037878907827,0.02692137807475102,0.02584965833691733,0.027936019608532484
FN_B3_25_61,FN,B3,25,61,1,2.934253883571334,NA,1.1227621916617743,1.3948834221723498,1.3121868588523355,1.471134759018097,0.015661223681909035,0.014732737935148274,0.016517344862649747
FN_B3_61_73,FN,B3,61,73,1,1.891625615763548,NA,0.5381369863397627,1.6317912427187835,1.5118253033230047,1.7561922532061955,0.008781272216923024,0.008135691126024394,0.009450720065736195
FN_C1_00_03,FN,C1,0,3,1,45.62730627306273,NA,25.061720389590867,0.20085084598531486,0.1859073006111978,0.2172071716752978,0.05033667742096741,0.04659156786301455,0.05443585403140175
FN_C1_03_08,FN,C1,3,8,1,21.45397076254443,NA,11.507185496853806,0.38976160358928824,0.3652398141534331,0.41369393581541947,0.0448505907205314,0.04202882292299965,0.04760452858351564
FN_C1_08_53,FN,C1,8,53,2,8.932999759980481,0.00397986155512485,4.486394416063353,0.7600275798389273,0.7288407280244144,0.7903259539736447,0.03409783490243508,0.032698669724082814,0.03545713946777302
FN_C1_53_58,FN,C1,53,58,1,3.352769679300311,NA,1.3574334456102288,1.318070247502489,1.2441555823246673,1.3834693744544508,0.01789192637623631,0.01688858398990174,0.018779675998619332
FN_C2_00_01,FN,C2,0,1,1,35.1280613198729,NA,19.174556741716035,0.25440681249086045,0.2360516089019364,0.2737320877491443,0.04878137861585115,0.04526184968863541,0.0524869144857436
FN_C2_01_09,FN,C2,1,9,1,22.84679578019211,NA,12.288173924907847,0.36972509999984127,0.3459771492740973,0.39346313652620896,0.04543246333201996,0.04251427384323912,0.04834943454673817
FN_C2_09_40,FN,C2,9,40,1,9.634611888747525,NA,4.879804174365116,0.7216145038818312,0.690593589103375,0.7507557390891575,0.035213374683249726,0.03369961478896437,0.036635409895358385
FN_C2_40_52,FN,C2,40,52,2,2.406168413858399,0.00122826431502426,0.8266527481612342,1.5055962782630852,1.4057976045471576,1.6048178299979663,0.012446053010475059,0.011621064531573879,0.013266270694659674
FN_C3_00_02,FN,C3,0,2,1,40.445048411754705,NA,22.15591142608658,0.22414034291267002,0.2076861132952682,0.24177659121874107,0.0496603358458579,0.04601475130598145,0.053567807399435695
FN_C3_02_41,FN,C3,2,41,1,11.41270820481184,NA,5.876822916286522,0.6396793526173182,0.6090447694443109,0.6693141471937678,0.037592822785367824,0.03579248258114767,0.03933440718423105
FN_C3_41_52,FN,C3,41,52,1,4.059625753250877,NA,1.753783602349548,1.2059116823560778,1.1480629072880832,1.258568586099576,0.02114908134397846,0.0201345390126759,0.022072569487336918
FN_C3_52_63,FN,C3,52,63,1,7.6801127355997885,NA,3.7838723796966196,0.8398633023678055,0.8066342032022507,0.8714720374463624,0.0317793555255033,0.03052200882015587,0.03297538972171229
FR_A1_00_04,FR,A1,0,4,1,23.13953488372091,NA,12.452319348344473,0.365773082967966,0.3421917102328274,0.3893494830948479,0.04554723238145611,0.042610804541753214,0.04848304101609893
FR_A1_04_24,FR,A1,4,24,1,13.280943025540312,NA,6.924384352496757,0.5714993621179587,0.5417306975910311,0.5995717080135902,0.03957281240511471,0.037511515656664884,0.04151664953169058
FR_A1_24_37,FR,A1,24,37,1,4.577861163227011,NA,2.0443698950072964,1.1350970549266688,1.0856611540442191,1.1814371143345503,0.023205582470035253,0.022194929795068805,0.02415294469389848
FR_A1_37_57,FR,A1,37,57,1,2.732240437158508,NA,1.0094886921476807,1.4352568104231014,1.347059529640045,1.5188858625025716,0.014488755204500683,0.01359841362821399,0.015332981028593231
FR_A2_00_05,FR,A2,0,5,1,28.7474332648871,NA,15.596794559444996,0.3036049152445438,0.2826072313736743,0.325221295699675,0.0473526349030686,0.04407766928748736,0.050724097353843436
FR_A2_05_27,FR,A2,5,27,2,13.905638362925842,0.02468863629106011,7.274665129604987,0.5518323422736775,0.522427862699111,0.5797715318130395,0.04014395497726566,0.03800487755511285,0.042176437456179876
FR_A2_27_41,FR,A2,27,41,1,3.084291187739422,NA,1.2068914949461165,1.3663375987131006,1.2872690220673493,1.438695237653593,0.01649021227111941,0.015535940344406885,0.01736349046143603
FR_A2_41_58,FR,A2,41,58,1,2.876712328767093,NA,1.090497342980174,1.4061501706852992,1.3219289693807836,1.483967289506648,0.01533403024963437,0.014415600287182645,0.016182623862764905
FR_A3_00_08,FR,A3,0,8,1,43.68224299065422,NA,23.971079500644606,0.2090017292145721,0.1935231467875088,0.22587274460659484,0.050099970667747046,0.04638958736858289,0.054144135179934806
FR_A3_08_31,FR,A3,8,31,1,34.05622489959842,NA,18.57355386598152,0.26152581594263125,0.24272018631895592,0.28130273456923066,0.048574638297552306,0.04508176454956199,0.052247914931695075
FR_A3_31_61,FR,A3,31,61,1,3.645833333333347,NA,1.5217608518407577,1.2691313175420105,1.2021801100216263,1.3289297546135355,0.01931314354880513,0.01829430628292526,0.02022313275417223
FR_B1_00_04,FR,B1,0,4,1,65.72052401746724,NA,36.32844114913966,0.14317085672848012,0.13206793491306718,0.15555654619607862,0.05201174042932496,0.04797822201177768,0.05651126833847666
FR_B1_04_13,FR,B1,4,13,1,57.610710607620966,NA,31.781085704976068,0.16194110296335776,0.14955687254111655,0.17568232855323265,0.05146664072436827,0.04753079783997407,0.05583375140600051
FR_B1_13_36,FR,B1,13,36,2,25.74473807867726,0.00830308246214656,13.913115587793548,0.33400081193491893,0.3116747686736655,0.35629616839221817,0.04646991902867422,0.04336367082355524,0.04957189774328886
FR_B1_36_62,FR,B1,36,62,1,4.875304706544187,NA,2.211153204028003,1.0980868388731144,1.0519894267763723,1.1413355124860394,0.024280382320752684,0.023261097916201578,0.025236676753044487
FR_B1_62_66,FR,B1,62,66,1,2.905323039414815,NA,1.106540014278548,1.4005254785802692,1.3170669989513635,1.4775588588211828,0.015497374830656812,0.01457387335825446,0.016349780007373867
FR_B2_00_05,FR,B2,0,5,1,63.4237605238541,NA,35.04059401273608,0.1480300963212726,0.136591556987228,0.16077260096808327,0.051870625068599296,0.04786249293956961,0.056335674388942256
FR_B2_05_14,FR,B2,5,14,1,37.03195451872179,NA,20.24211263546571,0.2426729735708612,0.22512045614730328,0.26135821316644076,0.04912213664604766,0.04556913629881132,0.05290442389119151
FR_B2_14_37,FR,B2,14,37,1,18.735035913806865,NA,9.982617351830699,0.43587263654688096,0.4095965136156136,0.4611646959033212,0.043511497447810896,0.040888452640685836,0.046036306953762214
FR_B2_37_50,FR,B2,37,50,1,5.106127352823369,NA,2.340580672225916,1.070988218157691,1.0268065834445383,1.1117026932928287,0.025067343236015647,0.024033236433246136,0.026020298371826903
FR_B2_50_58,FR,B2,50,58,1,2.4024640657084357,NA,0.8245756365341823,1.5064350004234082,1.40647755956283,1.6058172711682372,0.012421695993715029,0.011597471289475638,0.013241177985311329
FR_B3_00_08,FR,B3,0,8,1,24.196827978853225,NA,13.045167453380916,0.3521769483529049,0.32912740932130347,0.3751798573872025,0.04594207264484327,0.04293522168093847,0.04894284064751627
FR_B3_08_29,FR,B3,8,29,2,17.31500893158378,0.01096000667120963,9.186376168201082,0.4645779424550764,0.43745405968734735,0.49073821782319943,0.042677877388412076,0.040186175485946614,0.04508105869036511
FR_B3_29_43,FR,B3,29,43,1,4.7381116471398785,NA,2.134225958719721,1.1148530074383165,1.0671706925038535,1.159681831236325,0.023793482286316055,0.02277583394326626,0.024750230680801878
FR_B3_43_62,FR,B3,43,62,1,3.1324820430965685,NA,1.2339131953715734,1.3574151770020226,1.2789301298068758,1.428577320702358,0.01674932498500436,0.015780887631269832,0.017627404066232075
FR_B3_62_74,FR,B3,62,74,1,2.541047693510536,NA,0.9022826049328259,1.4756809594747604,1.3814824059159518,1.568978739949991,0.013314812601646586,0.012464875438787125,0.014156622245663006
FR_C1_00_16,FR,C1,0,16,1,8.714825703485912,NA,4.364059297678104,0.7728201643585194,0.7418016624082547,0.8034511860365364,0.03372633023701917,0.03237266441865818,0.03506308618653246
FR_C1_16_38,FR,C1,16,38,1,12.682340827183808,NA,6.5887345874503955,0.5917066437429055,0.5615327445252112,0.6201108073998679,0.038985980292530704,0.036997902158392056,0.040857455247673
FR_C1_38_68,FR,C1,38,68,1,2.926920208799403,NA,1.1186500346719013,1.3963093205906945,1.3134204996823047,1.4727579117749707,0.015619814698914793,0.014692578875083961,0.01647500689070388
FR_C2_00_06,FR,C2,0,6,1,18.099808061420312,NA,9.626430755807759,0.44826257092780886,0.42157433135378325,0.47383316326334196,0.043151685994569165,0.040582561092031504,0.045613221359599145
FR_C2_06_38,FR,C2,6,38,1,11.68907071887781,NA,6.0317856163376495,0.6285862322995723,0.5982670794621722,0.6579572619424175,0.03791497394612437,0.03608618764628264,0.03968657148749177
FR_C2_38_48,FR,C2,38,48,1,3.616673477727893,NA,1.5054102625685688,1.2738373323988919,1.206184281077257,1.333831591330431,0.01917647793036261,0.01815802195282594,0.020079637661269963
FR_C2_48_79,FR,C2,48,79,1,2.484234664628301,NA,0.8704262571809298,1.4881355744759297,1.3916194838990912,1.5839035868779536,0.012953122782688764,0.012113021387903431,0.01378671270861627
FR_C3_00_08,FR,C3,0,8,1,23.012307091228703,NA,12.380979853142781,0.36748024649988315,0.34382667972813646,0.3911267077985767,0.045497655283429965,0.04256911194687033,0.048425318892802424
FR_C3_08_34,FR,C3,8,34,1,17.791529684780542,NA,9.453572111165116,0.4545328695834983,0.4276705654384928,0.48043509527210265,0.0429695925950241,0.04043014530195551,0.045418278178893046
FR_C3_34_49,FR,C3,34,49,1,6.6996155958264625,NA,3.234085500368211,0.9150888940070311,0.8790160002504691,0.9488660639050805,0.02959475723656122,0.028428129010017022,0.030687139790668776
FR_C3_49_74,FR,C3,49,74,1,3.3776301218161655,NA,1.3713732569111317,1.3137727557257266,1.2406986406656233,1.378834128143323,0.01801672822860702,0.017014609356948297,0.018908962490521295
GR_A1_00_04,GR,A1,0,4,1,10.872374798061415,NA,5.573845778012686,0.6625397340375166,0.6316057684905548,0.6922960922770929,0.036928942993306596,0.03520473146069537,0.03858751651073355
GR_A1_04_31,GR,A1,4,31,4,8.557403651771923,0.01126326046491134,4.275789199746642,0.7823213230572416,0.7512174617770678,0.8129618146255108,0.03345041063859657,0.032120475097274725,0.03476053346782191
GR_A1_31_60,GR,A1,31,60,2,3.3402068858588136,0.0126242318846941,1.350389203743858,1.3202526216368449,1.2461377786551007,1.3858235900059461,0.0178285488647292,0.016827710026732015,0.018714012142375842
GR_A2_00_04,GR,A2,0,4,1,8.238586671331117,NA,4.097021322061677,0.802297361583403,0.7703946589512031,0.8332609376081828,0.03287029397041029,0.031563233441255126,0.034138878282218295
GR_A2_04_19,GR,A2,4,19,1,5.9761624979015995,NA,2.8284290176368785,0.9798446346984533,0.9407322469674743,1.016646506750689,0.027714209975569122,0.026607943851495466,0.02875512480372815
GR_A2_19_61,GR,A2,19,61,1,3.166368515205717,NA,1.252914105212723,1.351210638201832,1.2731308674165007,1.4215474814359486,0.016929508677165608,0.01595123621567843,0.017810768907207213
GR_A3_00_04,GR,A3,0,4,1,9.951759871359627,NA,5.057636207292737,0.7054965651143053,0.67435664968783815,0.7352477990684138,0.03568144971842768,0.034106506080898345,0.037186158899007046
GR_A3_04_23,GR,A3,4,23,1,7.370153621068008,NA,3.6100713073781217,0.8622713682958174,0.827727807935578,0.8942266288509206,0.031128611258584033,0.02988156409747219,0.032282218951081736
GR_A3_23_65,GR,A3,23,65,1,2.060301507537647,NA,0.6327173664292518,1.5881539691338393,1.4766147851239244,1.703713389984849,0.01004852596834526,0.00934279818074105,0.010779690492614664
GR_B1_00_03,GR,B1,0,3,1,18.718286036459357,NA,9.973225317501921,0.43619053972530386,0.40990360481421784,0.46148727299737086,0.04350226534043228,0.0408806100926846,0.046025165547622995
GR_B1_03_32,GR,B1,3,32,1,4.975812024879063,NA,2.267509926200362,1.0861205415190291,1.0410491270334976,1.1278965108686079,0.02462789108944511,0.023605892292106776,0.025575165341213228
GR_B1_32_67,GR,B1,32,67,1,4.345454545454495,NA,1.914054258237605,1.1657980319237529,1.113174167659849,1.2147774656076364,0.022314006872486785,0.021306757557694355,0.023251499808573824
GR_B2_00_12,GR,B2,0,12,1,10.083016257350431,NA,5.131234625807749,0.6990346471716153,0.6680672429997109,0.7287717620778743,0.03586910786206295,0.034280097696480355,0.037394988998849146
GR_B2_12_32,GR,B2,12,32,1,6.129510627780523,NA,2.9144147756335537,0.9653644403320742,0.9271005921042952,1.0011111304827707,0.028134723887750134,0.027019556641273743,0.029176530707301977
GR_B2_32_83,GR,B2,32,83,1,3.453263424335544,NA,1.413782556927084,1.3008690547725734,1.2298704020631321,1.364188106279583,0.01839145978483688,0.01738769321717756,0.019286653490254657
GR_B3_00_11,GR,B3,0,11,1,20.25674910326601,NA,10.835876287250983,0.40880466890187667,0.38349885813157275,0.4333754532700201,0.044297568178713345,0.041555461830157375,0.04696002797565257
GR_B3_11_37,GR,B3,11,37,1,5.746911269187608,NA,2.6998826787398507,1.0023208427482855,0.9623864066801485,1.0400813637977333,0.027061486818760257,0.02598330389650419,0.028080976585976216
GR_B3_37_71,GR,B3,37,71,1,4.9390003935458715,NA,2.2468688135517914,1.0904729070529335,1.0450621297674416,1.1328035180697016,0.024501495668803976,0.0234811750759848,0.025452608966325656
GR_C1_00_04,GR,C1,0,4,1,17.759365994236322,NA,9.435537203836288,0.45519719081729626,0.4283171287157739,0.48111739064660486,0.04295030029038365,0.040414022030380206,0.045396010388586774
GR_C1_04_23,GR,C1,4,23,1,8.567931456548319,NA,4.281692377532078,0.7816786373748503,0.7505839176097211,0.81231875910635,0.03346907463327558,0.03213769438727708,0.03478099038991975
GR_C1_23_51,GR,C1,23,51,1,1.251868460388642,NA,0.17941070788993196,1.8216311852410907,1.6676454410128265,1.9904428285832263,0.0032682014045847985,0.00299193449081529,0.0035710675689055514
GR_C1_51_79,GR,C1,51,79,1,3.057678943710882,NA,1.1919694089931074,1.371315247065154,1.291767093075512,1.4443442815488985,0.016345658245874885,0.015397468584899626,0.01721614199660415
GR_C2_00_02,GR,C2,0,2,1,14.335029069767465,NA,7.515434191696949,0.539080847853418,0.5100091815192527,0.5667311881984723,0.04051426636046559,0.03832940440869167,0.04259230949287837
GR_C2_02_25,GR,C2,2,25,1,7.661290322580633,NA,3.7733182278327755,0.8411907756746984,0.8078655024379855,0.8727716192609588,0.03174080486938131,0.03048333625986534,0.032932450596925025
GR_C2_25_56,GR,C2,25,56,1,1.9172191363554798,NA,0.5524878510659141,1.62501639144196,1.5057998971307034,1.7475588328222482,0.008978018140546547,0.008319361493010168,0.00965505024157221
GR_C2_56_74,GR,C2,56,74,1,2.133505737837367,NA,0.6737646308194627,1.5699335880875545,1.4609596785217427,1.6817666511421894,0.010577657243888856,0.009843429584413229,0.011331148868313013
GR_C3_00_02,GR,C3,0,2,1,15.244909190974132,NA,8.025624514655783,0.5139169224427907,0.48534675198572197,0.5409044034115356,0.041245042512533164,0.03895210790845171,0.04341095640104881
GR_C3_02_28,GR,C3,2,28,1,8.005798969072165,NA,3.9664920026181063,0.8175397014411259,0.7856461924872005,0.8492702745374526,0.0324276468758902,0.03116259339387846,0.033686237520140896
GR_C3_28_52,GR,C3,28,52,1,1.5299479166666279,NA,0.33533613619639124,1.7339486725340456,1.5980301244189432,1.8815594605949788,0.0058145564821042856,0.005358772474480868,0.006309548795396863
GR_C3_52_72,GR,C3,52,72,1,2.245414294750205,NA,0.7365142848260804,1.5428739236474853,1.4381341005271675,1.6493371092958713,0.01136348684452036,0.01059206308533765,0.012147603414901634
JU_A1_00_07,JU,A1,0,7,1,66.18798955613573,NA,36.5905596289116,0.14222065831729036,0.13118368382797224,0.15453609237838445,0.052039334786218756,0.04800084405447705,0.056545621029902675
JU_A1_07_52,JU,A1,7,52,2,45.43494891097436,0.00463739697922541,24.9538612745272,0.20162849167737237,0.18663365779660265,0.21803441558495662,0.05031409410309312,0.04657230405814004,0.054408005595796186
JU_A1_52_83,JU,A1,52,83,2,11.901271004041332,0.00481643945377947,6.150771106289841,0.6203262638592867,0.5900187091284572,0.6492578250749154,0.03815484860218429,0.03629070028277745,0.039934362710033734
JU_A2_00_06,JU,A2,0,6,1,38.5735906167234,NA,21.106542795431576,0.23393625770232615,0.21697890009783866,0.2521873916184169,0.049375856345972566,0.04579674440620704,0.05322803973662379
JU_A2_06_53,JU,A2,6,53,4,27.47139564701663,0.00996408330390288,14.881291462723219,0.3158189119973279,0.2941360894407562,0.3377582340659157,0.04699793278872372,0.04377124876673519,0.05026278725069583
JU_A2_53_77,JU,A2,53,77,2,6.956789291944476,0.00879898014557093,3.3782885970409486,0.8940842338652099,0.8583880509144927,0.9271997622268173,0.030204745720609313,0.02899882564240636,0.03132348383909936
JU_A3_00_06,JU,A3,0,6,1,63.56652949245542,NA,35.1206477961978,0.14771844715560098,0.1363013508208063,0.16043819104656173,0.05187967555553119,0.04786991736323534,0.0563469320080539
JU_A3_06_49,JU,A3,6,49,2,51.42207070328671,0.01003932810701674,28.310975612581746,0.1799437544912613,0.1663700217397728,0.19492750812573845,0.05094383245038495,0.04710097628139403,0.055185879287691114
JU_A3_49_81,JU,A3,49,81,2,12.872152581435037,0.00322389548259696,6.695166322737006,0.5851460788020127,0.5551568450093569,0.6133308265953592,0.0391765032067685,0.037168674125435744,0.041063518949176994
JU_B1_00_10,JU,B1,0,10,1,57.206208425720675,NA,31.554272200634887,0.1630070403990783,0.1505512711088786,0.17682340367144211,0.05143568523372404,0.04750535788721134,0.055795338108914266
JU_B1_10_48,JU,B1,10,48,2,56.460181273506024,0.02238043578564996,31.13595793609234,0.16501021692782072,0.15242036396546088,0.1789672491781077,0.051377511732900984,0.047457540410324746,0.055723167423477174
JU_B1_48_91,JU,B1,48,91,2,22.138624389391165,0.01665432250486368,11.891086240319476,0.37964816905847426,0.3555717656412825,0.4035209917552044,0.04514429119253706,0.04228134529863156,0.0479830291274038
JU_B2_00_08,JU,B2,0,8,1,56.5284974093265,NA,31.174264335567607,0.16482473401679,0.15224727688798328,0.17876877041187877,0.051382898272790335,0.04746196854076344,0.05572984903764307
JU_B2_08_46,JU,B2,8,46,2,51.71406981750446,0.01318589591515772,28.474706107307668,0.1790048304627281,0.16549201531237198,0.1939251696710787,0.050971099392146176,0.04712336499125853,0.0552196221319374
JU_B2_46_82,JU,B2,46,82,1,14.569058781103497,NA,7.6466599336662835,0.5323759720623938,0.5033830259200884,0.5598423390363874,0.04070898015216148,0.03849198815590836,0.042809239830795584
JU_B2_82_98,JU,B2,82,98,1,6.509668772735974,NA,3.1275780289344786,0.9312476491250682,0.8944699196172418,0.9655420042588488,0.029125496869004477,0.027975244681376746,0.030198079585333364
JU_B3_00_07,JU,B3,0,7,1,62.811085972850655,NA,34.697053561901114,0.14938256484318263,0.13785109920830624,0.1622236483061244,0.05183134853578074,0.04783026972797546,0.05628682614284607
JU_B3_07_47,JU,B3,7,47,1,55.16840882694542,NA,30.411631965736973,0.16859775088063034,0.15576892847869608,0.1828049676821186,0.05127332750032736,0.047371873245913104,0.05559397398657032
JU_B3_47_80,JU,B3,47,80,1,13.773368943151434,NA,7.200498680179992,0.5558827353863064,0.5263973602342783,0.5839105177774505,0.04002632902483943,0.037903234976171526,0.042044469125997484
JU_B3_80_101,JU,B3,80,101,1,7.579908675799069,NA,3.727685701429908,0.8469789416920138,0.8133321290214153,0.8785922121636048,0.03157271290357556,0.030318465478666748,0.032751156266699416
JU_C1_00_04,JU,C1,0,4,1,64.11903232712477,NA,35.43044860740994,0.14652465875730925,0.13518980489936686,0.15915705954167378,0.05191434391819125,0.04789835434732794,0.05639006018597757
JU_C1_04_46,JU,C1,4,46,2,16.3001412257396,0.00671602154391934,8.617316936619599,0.48752418475175974,0.45965039252147843,0.5140646705924065,0.04201150414273001,0.03960953112399183,0.04429858192413719
JU_C1_46_84,JU,C1,46,84,2,4.9283198943556155,0.00253523146388132,2.240880016561687,1.0917422352694723,1.0462346743572852,1.1342404104935557,0.024464633582517485,0.023444863744011647,0.02541696669851734
JU_C2_00_05,JU,C2,0,5,1,39.72527472527469,NA,21.752318072408833,0.2278092330799632,0.2111643973496966,0.24567778885326744,0.049553788977868794,0.045933151367191255,0.05344061406462371
JU_C2_05_49,JU,C2,5,49,2,21.850385021363696,0.04989111738072098,11.72946392015233,0.3838412538732567,0.3595789315744898,0.4076075858480935,0.04502252138372395,0.04217668104349902,0.04781018471785606
JU_C2_49_83,JU,C2,49,83,2,3.8325688125359734,0.0043745044219275,1.6264676502659332,1.2397999437168232,1.1768166199261736,1.2962197152531991,0.02016494501256938,0.019140541626052214,0.02108259434496248
JU_C3_00_05,JU,C3,0,5,1,50.544446644228856,NA,27.818871991795568,0.18282599781327014,0.16906592140000662,0.19800346318285497,0.05086013029939659,0.047032232256017555,0.05508232996216049
JU_C3_05_43,JU,C3,5,43,1,10.756040530007791,NA,5.508614527866518,0.6676770160647579,0.6367989948674804,0.697527381581996,0.036779753106168926,0.03507880194457799,0.03842409467767276
JU_C3_43_83,JU,C3,43,83,2,2.703971135565002,0.0016005835543176001,0.9936374566127353,1.4410937381744768,1.3520896950928751,1.5263828360988259,0.014319247167402262,0.013434869657443732,0.01516671159078571
SR_A1_00_04,SR,A1,0,4,1,8.09443507588537,NA,4.016192268517828,0.8116682500006426,0.7797898495411221,0.8433148319932898,0.03259815750253976,0.031317859647957344,0.033869145081778615
SR_A1_04_34,SR,A1,4,34,1,2.592971682019805,NA,0.931397557385818,1.4644790752257009,1.3722094027847416,1.555947574187824,0.013640122335078594,0.012780724859755604,0.01449205770018928
SR_A1_34_64,SR,A1,34,64,2,4.480468738233863,0.01107061237785292,1.98975976384507,1.1477635953453034,1.0971648445585405,1.195134384529841,0.02283773820424239,0.021830944620079142,0.023780303107252192
SR_A2_00_02,SR,A2,0,2,1,15.639097744360916,NA,8.246654934676796,0.5037300198827992,0.47541842528518746,0.5305402808035251,0.04154087654211327,0.03920611702914363,0.04375182624733204
SR_A2_02_33,SR,A2,2,33,2,2.1107055243666477,0.00406160069821196,0.6609800364503384,1.575563524678305,1.4657999111966475,1.6885499124791383,0.010414160359716897,0.009688644787316628,0.011160977826986766
SR_A2_33_56,SR,A2,33,56,1,1.849166062364037,NA,0.5143289562963587,1.6431561592421984,1.5219285452961993,1.7697310374719328,0.008451227924149733,0.007827719202598296,0.009102239174282113
SR_A2_56_71,SR,A2,56,71,1,1.469787697332599,NA,0.3016029432010351,1.7521950004886333,1.6122996874126807,1.9041332066198318,0.00528467169209511,0.004862743310457734,0.0057429217936336594
SR_B1_00_03,SR,B1,0,3,1,12.795575896262385,NA,6.652228046772102,0.5877752541465421,0.5577462529437189,0.6160461594649483,0.03910015030832227,0.03710255266814254,0.04098079540098968
SR_B1_03_33,SR,B1,3,33,2,3.33649980947896,0.00794901711106326,1.3483105623367215,1.3208979863892496,1.2467573094781255,1.386519812612442,0.017809807068179324,0.016810160490398695,0.018694593082344876
SR_B1_33_63,SR,B1,33,63,1,3.1774051191526866,NA,1.2591025781783767,1.349202086990571,1.2712534250854766,1.4192728207061807,0.016987838262134743,0.016006384650432155,0.01787010067689649
SR_B2_00_07,SR,B2,0,7,1,14.966720633207423,NA,7.869637910681817,0.5213576486086734,0.49261029467432726,0.548513955526821,0.041028959165147455,0.038766646501612274,0.043166062189519114
SR_B2_07_37,SR,B2,7,37,1,2.8876804800299998,NA,1.0966474329806706,1.4039885668736833,1.3200608561381595,1.4815040053270652,0.015396804577962355,0.01447641349262179,0.016246875643925077
SR_B2_37_67,SR,B2,37,67,2,3.812183745326943,0.00768071459508531,1.6150372829235626,1.242935826765663,1.1795392643527058,1.2996614866719034,0.020073877005079684,0.01904999888601852,0.02099001756154989
SR_B3_00_04,SR,B3,0,4,1,29.142637447135694,NA,15.818394465494924,0.30001143280897324,0.2791806374378505,0.3214707859082493,0.04745699188330664,0.044161894501202385,0.05085151700629354
SR_B3_04_34,SR,B3,4,34,1,3.287875957407096,NA,1.321046070879157,1.3294216989098935,1.2542130528587543,1.3968723267618925,0.017562273118864085,0.016568732255244096,0.01845332698788624
SR_B3_34_64,SR,B3,34,64,1,2.934973637961363,NA,1.1231657741954966,1.394743636063793,1.312065909578392,1.4709756494896147,0.01566528315803832,0.01473667523127133,0.016521495041817266
SR_C1_00_03,SR,C1,0,3,1,7.133640552995399,NA,3.4774530912290276,0.8801907617188427,0.8448986370846066,0.912719635176025,0.03060822085210422,0.029380953773050573,0.03173939716768298
SR_C1_03_37,SR,C1,3,37,1,3.1431244153414273,NA,1.2398806137227425,1.355460453257824,1.2771031318309465,1.4263620546585591,0.016806091386622177,0.015834554148817907,0.017685186597208864
SR_C1_37_58,SR,C1,37,58,1,1.7665270442541932,NA,0.46799139340670215,1.6657358247871346,1.541661241555154,1.7966770333296802,0.0077955002968959335,0.00721484192596503,0.008408293883297769
SR_C1_58_68,SR,C1,58,68,1,1.09516616314199,NA,0.09154419253554091,1.875062891876812,1.7119651076204767,2.057566605683885,0.0017165111839021901,0.0015672046342613695,0.0018835827350542496
SR_C2_00_04,SR,C2,0,4,1,5.905963302752314,NA,2.789066744289081,0.9866192765286624,0.9472703727252424,1.0237019380290797,0.027517470134406453,0.026420002944182962,0.02855173031421188
SR_C2_04_22,SR,C2,4,22,1,3.343357509287106,NA,1.352155829420074,1.3197046252858309,1.2456117270308245,1.385232423756417,0.017844463021928707,0.01684261157898735,0.018730500968839374
SR_C2_22_41,SR,C2,22,41,1,3.3517622667587945,NA,1.3568685666575737,1.3182449863349126,1.2442962548445076,1.3836578643561595,0.01788685185111786,0.016883464758082542,0.01877441863153422
SR_C2_41_60,SR,C2,41,60,1,1.5310828260468912,NA,0.3359725055045565,1.7336081108815562,1.5977633596736731,1.8811385943275205,0.005824446605758974,0.0053680455915294184,0.0063201084673753655
SR_C3_00_30,SR,C3,0,30,1,4.000680966973093,NA,1.720731930105165,1.2145298809013774,1.1554354384193555,1.2685770144237636,0.02089880346133823,0.019881946520632448,0.0218288097451645
SR_C3_30_49,SR,C3,30,49,2,1.723750799066566,0.00255269423708386,0.44400578712892214,1.677669178223908,1.551854566364254,1.81094989393615,0.007448948240192382,0.006890324082481727,0.008040722331081582
SR_C3_49_59,SR,C3,49,59,1,1.669359181475497,NA,0.4135071793472297,1.6930920863520031,1.5648715715626955,1.8304379211096915,0.007001057330025331,0.0064708562959755675,0.007568992217282755
